post_id,author,title,body,image,image description
gwqzmx,Pirateangel113,attractive; woman; relationship; type; want,,-1,
h8trcm,Pirateangel113,effect; attractiveness; self; rated; attractiveness; paying; first; date,,-1,
gyvm8y,Requiemforthemass,proof; female; sexuality; inherently; narcissitic,,-1,
gy4jof,thisisRio,drawn; borderline; personality; disorder; trait; physically; attractive; woman; study; find,,-1,
gvzx3e,wciaz,higher; score; juvenile; delinquency; associated; partner; rated; physically; attractive; factor; associated; fewer; partner; include; attractive; personality,,-1,
gvruje,reliefsystem,experimental; ambient; meditation; music,,-1,
gvnx9c,lilsk8y,guy; cesspool; fucking; loser; lmao,,16,peco
gve565,lonefroggyfrog,facial; attractiveness; difference; intermarriage; rate,,-1,
hex5gj,jingyan4,asian; lead; crank; another; youtube; video; time; associated; secretly; creating; army; asian; dancer; look; like; rival; turn; dance,,-1,
hei039,Reven1911,meow; impact; posing; cat; female; perception; male; dateability,,-1,
hdycae,ShawshankRetention,vibration; lie; university; tell; student,,-1,
